user,status,address,create_at,total_price,is_confirmed,serial_number
4,7,4,2021-01-11,200000.00,1,123
2,7,2,2021-01-11,200000.00,1,124
3,7,3,2021-01-01,220000.00,1,125
5,7,5,2021-01-09,100000.00,1,126
2,7,2,2021-01-11,300000.00,1,127
1,7,3,2021-01-12,500000.00,1,128
1,1,1,2021-01-13,100000.00,1,129
1,2,1,2021-01-14,100000.00,1,130
1,3,1,2021-01-15,100000.00,1,131
1,4,1,2021-01-16,100000.00,1,132
1,5,1,2021-01-17,100000.00,1,133
1,6,1,2021-01-18,100000.00,1,134
1,7,1,2021-01-19,100000.00,1,135
1,1,1,2021-01-20,100000.00,1,136
1,2,1,2021-01-21,100000.00,1,137
1,3,1,2021-01-22,100000.00,1,138
1,4,1,2021-01-23,100000.00,1,139
1,5,1,2021-01-24,100000.00,1,140
1,6,1,2021-01-25,100000.00,1,141
1,7,1,2021-01-26,100000.00,1,142