order,product,option,quantity,total_price,status
1,7,마시면 취하는 가루,1,490000.00,4
2,7,마시면 취하는 가루,2,980000.00,4
3,7,마시면 취하는 가루,3,147000.00,4
4,7,마시면 취하는 가루,4,196000.00,4
5,7,마시면 취하는 가루,5,245000.00,4
6,7,마시면 취하는 가루,6,294000.00,4
2,11,노트로 공부하자,1,4500.00,4
2,12,2021 캘린더와 함께,1,9900.00,4
2,13,앗 커피콩 타이어보다 싸다,1,4900.00,4
2,14,보온 기능은 별로인 보온병,1,6900.00,4
2,15,십오색 색연필,1,3000.00,4