product,image_url
1,https://cdn.pixabay.com/photo/2017/10/06/17/42/kermit-2823941_1280.png
2,https://images.unsplash.com/photo-1551703599-2a53f65da7e7?ixlib=rb-1.2.1&ixid=MXwxMjA3fDB8MHxwaG90by1wYWdlfHx8fGVufDB8fHw%3D&auto=format&fit=crop&w=1052&q=80
3,https://images.unsplash.com/photo-1555877765-d6d2646bc016?ixlib=rb-1.2.1&ixid=MXwxMjA3fDB8MHxwaG90by1wYWdlfHx8fGVufDB8fHw%3D&auto=format&fit=crop&w=1050&q=80
4,https://cdn.pixabay.com/photo/2016/05/08/23/20/keys-1380134_1280.jpg
5,https://images.unsplash.com/photo-1612400200701-847d015ba101?ixid=MXwxMjA3fDB8MHxzZWFyY2h8MTJ8fHRveXxlbnwwfHwwfA%3D%3D&ixlib=rb-1.2.1&auto=format&fit=crop&w=500&q=60
6,https://cdn.pixabay.com/photo/2020/05/05/19/58/play-5134828_640.jpg
7,https://cdn.pixabay.com/photo/2016/03/16/15/18/beauty-1260975_640.jpg
8,https://images.unsplash.com/photo-1600414428640-f78a67c2aa3b?ixid=MXwxMjA3fDB8MHxwaG90by1wYWdlfHx8fGVufDB8fHw%3D&ixlib=rb-1.2.1&auto=format&fit=crop&w=967&q=80
9,https://images.unsplash.com/photo-1505059152565-42971f574ade?ixid=MXwxMjA3fDB8MHxwaG90by1wYWdlfHx8fGVufDB8fHw%3D&ixlib=rb-1.2.1&auto=format&fit=crop&w=969&q=80
10,https://images.unsplash.com/photo-1527345931282-806d3b11967f?ixid=MXwxMjA3fDB8MHxwaG90by1wYWdlfHx8fGVufDB8fHw%3D&ixlib=rb-1.2.1&auto=format&fit=crop&w=967&q=80
11,https://images.unsplash.com/photo-1506784983877-45594efa4cbe?ixlib=rb-1.2.1&ixid=MXwxMjA3fDB8MHxwaG90by1wYWdlfHx8fGVufDB8fHw%3D&auto=format&fit=crop&w=1048&q=80
12,https://images.unsplash.com/photo-1474683396613-94f0629b3a58?ixid=MXwxMjA3fDB8MHxwaG90by1wYWdlfHx8fGVufDB8fHw%3D&ixlib=rb-1.2.1&auto=format&fit=crop&w=934&q=80
13,https://images.unsplash.com/photo-1539402625777-abd3f7f58139?ixlib=rb-1.2.1&ixid=MXwxMjA3fDB8MHxwaG90by1wYWdlfHx8fGVufDB8fHw%3D&auto=format&fit=crop&w=934&q=80
14,https://images.unsplash.com/photo-1522111608460-19e7331e00fb?ixid=MXwxMjA3fDB8MHxwaG90by1wYWdlfHx8fGVufDB8fHw%3D&ixlib=rb-1.2.1&auto=format&fit=crop&w=1950&q=80
15,https://images.unsplash.com/photo-1574629173115-01ba37282238?ixid=MXwxMjA3fDB8MHxwaG90by1wYWdlfHx8fGVufDB8fHw%3D&ixlib=rb-1.2.1&auto=format&fit=crop&w=1011&q=80
16,https://images.unsplash.com/photo-1472797694002-724d56a813e3?ixid=MXwxMjA3fDB8MHxwaG90by1wYWdlfHx8fGVufDB8fHw%3D&ixlib=rb-1.2.1&auto=format&fit=crop&w=1950&q=80
17,https://images.unsplash.com/photo-1544716278-ca5e3f4abd8c?ixid=MXwxMjA3fDB8MHxwaG90by1wYWdlfHx8fGVufDB8fHw%3D&ixlib=rb-1.2.1&auto=format&fit=crop&w=1567&q=80
18,https://images.unsplash.com/photo-1605306083141-3cca30078186?ixlib=rb-1.2.1&ixid=MXwxMjA3fDB8MHxwaG90by1wYWdlfHx8fGVufDB8fHw%3D&auto=format&fit=crop&w=1950&q=80
19,https://images.unsplash.com/photo-1578391193890-7def7eb8f7fd?ixid=MXwxMjA3fDB8MHxwaG90by1wYWdlfHx8fGVufDB8fHw%3D&ixlib=rb-1.2.1&auto=format&fit=crop&w=958&q=80
20,https://images.unsplash.com/photo-1611223426643-fa293cb2efbc?ixid=MXwxMjA3fDB8MHxwaG90by1wYWdlfHx8fGVufDB8fHw%3D&ixlib=rb-1.2.1&auto=format&fit=crop&w=1950&q=80
21,https://images.unsplash.com/photo-1546776310-eef45dd6d63c?ixid=MXwxMjA3fDB8MHxwaG90by1wYWdlfHx8fGVufDB8fHw%3D&ixlib=rb-1.2.1&auto=format&fit=crop&w=739&q=80
22,https://images.unsplash.com/photo-1591783097488-bda7e4e8653e?ixid=MXwxMjA3fDB8MHxwaG90by1wYWdlfHx8fGVufDB8fHw%3D&ixlib=rb-1.2.1&auto=format&fit=crop&w=664&q=80
23,https://images.unsplash.com/photo-1535157412991-2ef801c1748b?ixid=MXwxMjA3fDB8MHxwaG90by1wYWdlfHx8fGVufDB8fHw%3D&ixlib=rb-1.2.1&auto=format&fit=crop&w=800&q=80
24,https://images.unsplash.com/photo-1598963234709-38e2a1c541b3?ixid=MXwxMjA3fDB8MHxwaG90by1wYWdlfHx8fGVufDB8fHw%3D&ixlib=rb-1.2.1&auto=format&fit=crop&w=700&q=80
25,https://images.unsplash.com/photo-1593435221502-c5d7bfc26cab?ixid=MXwxMjA3fDB8MHxwaG90by1wYWdlfHx8fGVufDB8fHw%3D&ixlib=rb-1.2.1&auto=format&fit=crop&w=800&q=80
26,https://images.unsplash.com/photo-1545494749-a5f7bf606a83?ixid=MXwxMjA3fDB8MHxwaG90by1wYWdlfHx8fGVufDB8fHw%3D&ixlib=rb-1.2.1&auto=format&fit=crop&w=564&q=80
27,https://images.unsplash.com/photo-1607046768831-39ef8e9ad2d2?ixid=MXwxMjA3fDB8MHxwaG90by1wYWdlfHx8fGVufDB8fHw%3D&ixlib=rb-1.2.1&auto=format&fit=crop&w=634&q=80
28,https://images.unsplash.com/photo-1568150279679-d16bc9eb9eb1?ixid=MXwxMjA3fDB8MHxwaG90by1wYWdlfHx8fGVufDB8fHw%3D&ixlib=rb-1.2.1&auto=format&fit=crop&w=675&q=80